id;sequence_no;file_name;class_name;method_name;line_number
1;39430;Hawaii e-business;Steel navigate Games;Taiwan;20978
2;11725;French Polynesia European Unit of Account 9(E.U.A.-9);teal cross-platform;plum;15232
3;29610;Mouse back up open-source;JBOD Credit Card Account;Industrial database;26831
4;48771;Buckinghamshire;Utah;Bedfordshire;3498
5;23205;South Dakota Buckinghamshire Investor;Metal scalable;Ergonomic Rubber Ball Coordinator payment;33178
6;1156;Belarussian Ruble AI;Savings Account;calculating hierarchy;30322
7;13977;Kids e-markets Division;invoice sensor;Massachusetts;68067
8;85247;black attitude-oriented;Trail Clothing;Quality-focused mobile Analyst;10999
9;31372;JSON Movies;Ways;knowledge base XML Nebraska;45086
10;65860;Rhode Island Wooden;Track Soft;green Romania AI;87484
